#frame,fps
1,3.08261364
2,3.039523323
3,3.035601945
4,3.001790008
5,3.020682065
