#frame,fps
1,82.58099963
2,82.70562099
3,82.942032
4,85.40561037
5,83.81298898
