#frame,fps
1,39.19577791
2,39.4201634
3,37.18866465
4,39.337568
5,39.32534958
