#frame,fps
1,22.99344963
2,22.97045071
3,23.14983171
4,22.89081825
5,22.87786636
