#frame,fps
1,13.46598965
2,13.56149586
3,13.38629305
4,13.42192527
5,13.18433211
