#frame,fps
1,10.49332508
2,10.50004285
3,10.39174011
4,10.30970427
5,10.40486799
