#frame,fps
1,7.661105523
2,7.686971703
3,7.598426612
4,7.611886395
5,7.600304257
