No.,Position X,Position Y,Position Z
1, -0.07755125, 0.6217918, -1.8575
2, 0.04465234, 1.798289, 0.3154488
3, 0.6025765, 3.155114, 0.3974972
4, 0.428395, 0.624299, 1.226894
5, 0.04832256, 2.201935, 1.055927
